model_type,features,features_text,n_features,MAE_train,RMSE_train,R2_train,MAE_test,RMSE_test,R2_test,sMAPE_test,AIC_train,BIC_train,adj_R2_train
statsmodels_ols,"['ppef_mujeres_25_40', 'RE_ponderado_lag1', 'mes']",ppef_mujeres_25_40 + RE_ponderado_lag1 + mes,3,1.9521857170640278,2.5484152430742637,0.1633391600124119,1.49762766875419,2.0189878632498752,0.1119772119824306,21.594474504284115,474.17322472349065,484.553704124029,0.1369182913812248
sklearn_linear_regression,"['ppef_mujeres_25_40', 'RE_ponderado_lag1', 'mes']",ppef_mujeres_25_40 + RE_ponderado_lag1 + mes,3,1.9521857170640289,2.5484152430742637,0.1633391600124119,1.497627668754192,2.0189878632498734,0.11197721198243193,21.594474504284154,,,
statsmodels_ols,"['ppef_mujeres_25_40', 'RE_ponderado_lag1', 'mat_eq_lag1', 'mes']",ppef_mujeres_25_40 + RE_ponderado_lag1 + mat_eq_lag1 + mes,4,1.9483900705873893,2.547732964720384,0.16378709263901248,1.518797223877469,2.063496296032378,0.07239286319769433,21.875813990245526,476.12020777446685,489.0958070251398,0.12820356466620442
sklearn_linear_regression,"['ppef_mujeres_25_40', 'RE_ponderado_lag1', 'mat_eq_lag1', 'mes']",ppef_mujeres_25_40 + RE_ponderado_lag1 + mat_eq_lag1 + mes,4,1.9483900705873929,2.547732964720384,0.16378709263901226,1.5187972238774743,2.0634962960323757,0.07239286319769667,21.875813990245614,,,
statsmodels_ols,"['ppef_mujeres_25_40', 'RE_ponderado_lag1']",ppef_mujeres_25_40 + RE_ponderado_lag1,2,1.960152545148152,2.5534228082276016,0.16004789895457416,1.539043284957269,1.980265841626856,0.14571321858270958,22.204964164165034,472.56190747225264,480.3472670226564,0.14254889684946093
sklearn_linear_regression,"['ppef_mujeres_25_40', 'RE_ponderado_lag1']",ppef_mujeres_25_40 + RE_ponderado_lag1,2,1.9601525451481545,2.553422808227602,0.16004789895457383,1.5390432849572797,1.9802658416268621,0.14571321858270414,22.204964164165197,,,
sklearn_linear_regression,"['ppef_mujeres_25_40', 'RE_ponderado_lag1', 'mat_eq_lag1']",ppef_mujeres_25_40 + RE_ponderado_lag1 + mat_eq_lag1,3,1.9569644524469345,2.5527048452065757,0.16052018248207633,1.5579311810715553,2.024314493889568,0.1072853471085734,22.451112194575714,,,
statsmodels_ols,"['ppef_mujeres_25_40', 'RE_ponderado_lag1', 'mat_eq_lag1']",ppef_mujeres_25_40 + RE_ponderado_lag1 + mat_eq_lag1,3,1.9569644524469332,2.552704845206576,0.16052018248207622,1.5579311810715553,2.024314493889569,0.10728534710857218,22.451112194575714,474.50622665549736,484.88670605603573,0.1340102935078259
sklearn_linear_regression,"['ppef_mujeres_25_40', 'pct_amb_fill_25_40', 'RE_ponderado_lag1', 'mes']",ppef_mujeres_25_40 + pct_amb_fill_25_40 + RE_ponderado_lag1 + mes,4,1.9523330379005808,2.533400785112533,0.1731688008834693,1.5613671140729168,2.0886302266440295,0.0496582439817741,22.49829947178743,,,
statsmodels_ols,"['ppef_mujeres_25_40', 'pct_amb_fill_25_40', 'RE_ponderado_lag1', 'mes']",ppef_mujeres_25_40 + pct_amb_fill_25_40 + RE_ponderado_lag1 + mes,4,1.952333037900581,2.533400785112533,0.1731688008834693,1.5613671140729168,2.088630226644026,0.04965824398177732,22.498299471787444,475.0032212009878,487.97882045166074,0.13798449453808492
statsmodels_ols,"['ppef_mujeres_25_40', 'pct_amb_fill_25_40', 'RE_ponderado_lag1', 'mat_eq_lag1', 'mes']",ppef_mujeres_25_40 + pct_amb_fill_25_40 + RE_ponderado_lag1 + mat_eq_lag1 + mes,5,1.9465816605536659,2.531933994249958,0.17412596278549475,1.590808071221243,2.152197179545581,-0.009068873635295072,22.8777362096279,476.8885497679798,492.4592688687873,0.12972413282772566
sklearn_linear_regression,"['ppef_mujeres_25_40', 'pct_amb_fill_25_40', 'RE_ponderado_lag1', 'mat_eq_lag1', 'mes']",ppef_mujeres_25_40 + pct_amb_fill_25_40 + RE_ponderado_lag1 + mat_eq_lag1 + mes,5,1.9465816605536663,2.531933994249958,0.17412596278549475,1.5908080712212438,2.152197179545577,-0.009068873635291519,22.877736209627912,,,
sklearn_linear_regression,"['ppef_mujeres_25_40', 'pct_amb_fill_25_40', 'RE_ponderado_lag1']",ppef_mujeres_25_40 + pct_amb_fill_25_40 + RE_ponderado_lag1,3,1.9509003876774342,2.534942259615136,0.17216230639407082,1.5929727891304901,2.0736649736897292,0.06322804983885744,22.972864495423465,,,
statsmodels_ols,"['ppef_mujeres_25_40', 'pct_amb_fill_25_40', 'RE_ponderado_lag1']",ppef_mujeres_25_40 + pct_amb_fill_25_40 + RE_ponderado_lag1,3,1.950900387677342,2.534942259615136,0.17216230639407093,1.5929727891304994,2.0736649736899633,0.06322804983864583,22.97286449542319,473.1236597578229,483.5041391583613,0.14602006343809415
statsmodels_ols,"['ppef_mujeres_25_40', 'RE_ponderado_lag2']",ppef_mujeres_25_40 + RE_ponderado_lag2,2,1.9573119805521166,2.5200821513588085,0.18183960817536904,1.6161691125975601,2.0741894728417716,0.06275410806194748,23.304900689673737,469.95954672055626,477.74490627096003,0.1647946000123559
sklearn_linear_regression,"['ppef_mujeres_25_40', 'RE_ponderado_lag2']",ppef_mujeres_25_40 + RE_ponderado_lag2,2,1.957311980552117,2.5200821513588085,0.18183960817536904,1.6161691125975632,2.0741894728417694,0.06275410806194948,23.3049006896738,,,
sklearn_linear_regression,"['ppef_mujeres_25_40', 'pct_amb_fill_25_40', 'RE_ponderado_lag1', 'mat_eq_lag1']",ppef_mujeres_25_40 + pct_amb_fill_25_40 + RE_ponderado_lag1 + mat_eq_lag1,4,1.946308702569975,2.533376453908595,0.17318468285685373,1.622325456580901,2.1381917512095088,0.004021430989395891,23.344586963842886,,,
statsmodels_ols,"['ppef_mujeres_25_40', 'pct_amb_fill_25_40', 'RE_ponderado_lag1', 'mat_eq_lag1']",ppef_mujeres_25_40 + pct_amb_fill_25_40 + RE_ponderado_lag1 + mat_eq_lag1,4,1.9463087025698556,2.5333764539085952,0.1731846828568535,1.6223254565809107,2.138191751209712,0.00402143098920682,23.34458696384271,475.00131956681196,487.9769188174849,0.13800105234012383
sklearn_linear_regression,"['ppef_mujeres_25_40', 'RE_ponderado_lag2', 'mes']",ppef_mujeres_25_40 + RE_ponderado_lag2 + mes,3,1.9435303600676628,2.5127475763460234,0.18659510883324892,1.622961117078666,2.1402771368881353,0.0020777210343231323,23.3292271819843,,,
statsmodels_ols,"['ppef_mujeres_25_40', 'RE_ponderado_lag2', 'mes']",ppef_mujeres_25_40 + RE_ponderado_lag2 + mes,3,1.9435303600676646,2.5127475763460234,0.1865951088332487,1.6229611170786702,2.140277136888135,0.0020777210343235764,23.329227181984372,471.3824372377301,481.76291663826845,0.16090863858587778
statsmodels_ols,"['ppef_mujeres_25_40', 'RE_ponderado_lag2', 'mat_eq_lag1']",ppef_mujeres_25_40 + RE_ponderado_lag2 + mat_eq_lag1,3,1.9564923347278078,2.5199007764414167,0.18195737293420033,1.626039158104275,2.0945351967317962,0.04427704024469503,23.439125947144294,471.94529578591084,482.3257751864492,0.1561244478689644
sklearn_linear_regression,"['ppef_mujeres_25_40', 'RE_ponderado_lag2', 'mat_eq_lag1']",ppef_mujeres_25_40 + RE_ponderado_lag2 + mat_eq_lag1,3,1.9564923347278083,2.519900776441417,0.18195737293420022,1.626039158104276,2.0945351967317967,0.04427704024469492,23.439125947144312,,,
statsmodels_ols,"['ppef_mujeres_25_40', 'RE_ponderado_lag2', 'mat_eq_lag1', 'mes']",ppef_mujeres_25_40 + RE_ponderado_lag2 + mat_eq_lag1 + mes,4,1.9437756725660276,2.51258789182392,0.18669848893028973,1.6406959043083338,2.160004346881269,-0.016403014227877488,23.56859518027574,473.36985398409956,486.3454532347725,0.15208991399115313
sklearn_linear_regression,"['ppef_mujeres_25_40', 'RE_ponderado_lag2', 'mat_eq_lag1', 'mes']",ppef_mujeres_25_40 + RE_ponderado_lag2 + mat_eq_lag1 + mes,4,1.9437756725660298,2.51258789182392,0.18669848893028973,1.6406959043083418,2.160004346881268,-0.016403014227876822,23.56859518027585,,,
sklearn_linear_regression,"['ppef_mujeres_25_40', 'pct_amb_fill_25_40', 'RE_ponderado_lag2', 'mes']",ppef_mujeres_25_40 + pct_amb_fill_25_40 + RE_ponderado_lag2 + mes,4,1.936231323857571,2.498137584236548,0.1960264506502284,1.647697905201505,2.1943212537363292,-0.0489556179102959,23.64481215065777,,,
statsmodels_ols,"['ppef_mujeres_25_40', 'pct_amb_fill_25_40', 'RE_ponderado_lag2', 'mes']",ppef_mujeres_25_40 + pct_amb_fill_25_40 + RE_ponderado_lag2 + mes,4,1.93623132385757,2.498137584236548,0.19602645065022828,1.6476979052015055,2.1943212537363275,-0.0489556179102939,23.64481215065777,472.2278361873355,485.20343543800846,0.16181481025236555
sklearn_linear_regression,"['ppef_mujeres_25_40', 'mes']",ppef_mujeres_25_40 + mes,2,2.000158441643077,2.587159403553859,0.13770586976398347,1.6551441217913114,2.1321852637138607,0.00960926491643943,23.884386781084935,,,
statsmodels_ols,"['ppef_mujeres_25_40', 'mes']",ppef_mujeres_25_40 + mes,2,2.000158441643076,2.5871594035538594,0.13770586976398336,1.6551441217913199,2.132185263713854,0.009609264916445315,23.88438678108507,475.16081222773107,482.94617177813484,0.11974140871739969
statsmodels_ols,"['ppef_mujeres_25_40', 'pct_amb_fill_25_40', 'RE_ponderado_lag2']",ppef_mujeres_25_40 + pct_amb_fill_25_40 + RE_ponderado_lag2,3,1.946209132512184,2.5011150130427433,0.1941088616900264,1.660829191490534,2.1602661116140736,-0.016649379088444993,23.87879079560593,470.463683831302,480.84416323184035,0.1686596678486587
sklearn_linear_regression,"['ppef_mujeres_25_40', 'pct_amb_fill_25_40', 'RE_ponderado_lag2']",ppef_mujeres_25_40 + pct_amb_fill_25_40 + RE_ponderado_lag2,3,1.9462091325123554,2.501115013042743,0.1941088616900265,1.6608291914908948,2.1602661116137782,-0.016649379088167215,23.87879079561155,,,
sklearn_linear_regression,"['ppef_mujeres_25_40', 'pct_amb_fill_25_40', 'RE_ponderado_lag2', 'mat_eq_lag1', 'mes']",ppef_mujeres_25_40 + pct_amb_fill_25_40 + RE_ponderado_lag2 + mat_eq_lag1 + mes,5,1.932972433440754,2.497558291290914,0.19639927415585545,1.6662123300538365,2.231001010152101,-0.08431690300035632,23.893788825363398,,,
statsmodels_ols,"['ppef_mujeres_25_40', 'pct_amb_fill_25_40', 'RE_ponderado_lag2', 'mat_eq_lag1', 'mes']",ppef_mujeres_25_40 + pct_amb_fill_25_40 + RE_ponderado_lag2 + mat_eq_lag1 + mes,5,1.932972433440754,2.497558291290914,0.19639927415585545,1.6662123300538367,2.2310010101521054,-0.08431690300036032,23.89378882536341,474.18191665716097,489.7526357579685,0.15319493405670792
statsmodels_ols,"['ppef_mujeres_25_40', 'RE_ponderado_lag3']",ppef_mujeres_25_40 + RE_ponderado_lag3,2,1.973528322909156,2.5095271754048296,0.18867873338785135,1.6730279947416766,2.1862508614013323,-0.04125399631786597,24.14125363311517,469.12851266957443,476.9138722199782,0.17177620700009832
sklearn_linear_regression,"['ppef_mujeres_25_40', 'RE_ponderado_lag3']",ppef_mujeres_25_40 + RE_ponderado_lag3,2,1.9735283229091531,2.5095271754048296,0.18867873338785135,1.6730279947416768,2.1862508614013247,-0.04125399631785864,24.14125363311518,,,
statsmodels_ols,"['ppef_mujeres_25_40', 'RE_ponderado_lag3', 'mat_eq_lag1']",ppef_mujeres_25_40 + RE_ponderado_lag3 + mat_eq_lag1,3,1.9735266859910627,2.5095271686555103,0.18867873775191335,1.6730848686555762,2.186363769632509,-0.04136154955874849,24.142046139312786,471.1285121370577,481.5089915375961,0.16305806631249997
sklearn_linear_regression,"['ppef_mujeres_25_40', 'RE_ponderado_lag3', 'mat_eq_lag1']",ppef_mujeres_25_40 + RE_ponderado_lag3 + mat_eq_lag1,3,1.9735266859910623,2.509527168655511,0.18867873775191302,1.6730848686555764,2.1863637696325084,-0.041361549558748045,24.142046139312797,,,
statsmodels_ols,"['ppef_mujeres_25_40', 'pct_amb_fill_25_40', 'RE_ponderado_lag2', 'mat_eq_lag1']",ppef_mujeres_25_40 + pct_amb_fill_25_40 + RE_ponderado_lag2 + mat_eq_lag1,4,1.943575442747017,2.5004499356306096,0.1945373975454986,1.6804698320601448,2.198930536256976,-0.053367014643095345,24.13854951640298,472.41102618125444,485.38662543192737,0.16026239318573232
sklearn_linear_regression,"['ppef_mujeres_25_40', 'pct_amb_fill_25_40', 'RE_ponderado_lag2', 'mat_eq_lag1']",ppef_mujeres_25_40 + pct_amb_fill_25_40 + RE_ponderado_lag2 + mat_eq_lag1,4,1.9435754427472691,2.50044993563061,0.19453739754549837,1.6804698320605134,2.19893053625671,-0.05336701464284088,24.138549516408606,,,
sklearn_linear_regression,"['ppef_mujeres_25_40', 'mat_eq_lag1', 'mes']",ppef_mujeres_25_40 + mat_eq_lag1 + mes,3,2.003076069165222,2.583151714188015,0.14037530742511029,1.689370675940966,2.2209353608151994,-0.07455470888357651,24.319807807588766,,,
statsmodels_ols,"['ppef_mujeres_25_40', 'mat_eq_lag1', 'mes']",ppef_mujeres_25_40 + mat_eq_lag1 + mes,3,2.0030760691652216,2.5831517141880145,0.1403753074251104,1.6893706759409663,2.220935360815199,-0.07455470888357629,24.319807807588774,476.8538586865256,487.234338087064,0.1132292645016928
sklearn_linear_regression,"['ppef_mujeres_25_40', 'RE_ponderado_lag3', 'mes']",ppef_mujeres_25_40 + RE_ponderado_lag3 + mes,3,1.9699724743889673,2.5062186350911095,0.1908166019646359,1.7043695047261196,2.2343221235785022,-0.08754757817556413,24.567561530453627,,,
statsmodels_ols,"['ppef_mujeres_25_40', 'RE_ponderado_lag3', 'mes']",ppef_mujeres_25_40 + RE_ponderado_lag3 + mes,3,1.9699724743889673,2.5062186350911095,0.19081660196463612,1.7043695047261196,2.2343221235785027,-0.08754757817556458,24.567561530453627,470.86729884340383,481.2477782439422,0.1652634420266772
statsmodels_ols,"['ppef_mujeres_25_40', 'RE_ponderado_lag3', 'mat_eq_lag1', 'mes']",ppef_mujeres_25_40 + RE_ponderado_lag3 + mat_eq_lag1 + mes,4,1.9699245521862043,2.5062182973543186,0.19081682005493505,1.7052196306555423,2.2351432815849717,-0.08834711598470202,24.579149288542993,472.8672721610194,485.84287141169233,0.156383493248762
sklearn_linear_regression,"['ppef_mujeres_25_40', 'RE_ponderado_lag3', 'mat_eq_lag1', 'mes']",ppef_mujeres_25_40 + RE_ponderado_lag3 + mat_eq_lag1 + mes,4,1.9699245521862043,2.506218297354318,0.19081682005493517,1.7052196306555425,2.235143281584972,-0.08834711598470246,24.579149288543004,,,
sklearn_linear_regression,"['ppef_mujeres_25_40', 'mat_eq_lag1']",ppef_mujeres_25_40 + mat_eq_lag1,2,2.0034841085736868,2.584599825687091,0.1394112282956631,1.709934360711306,2.1961434200420458,-0.05069844857578465,24.630106366190027,,,
statsmodels_ols,"['ppef_mujeres_25_40', 'mat_eq_lag1']",ppef_mujeres_25_40 + mat_eq_lag1,2,2.0034841085736863,2.584599825687091,0.139411228295663,1.7099343607113064,2.1961434200420458,-0.05069844857578487,24.63010636619002,474.9648261284042,482.75018567880795,0.12148229555182266
statsmodels_ols,"['ppef_mujeres_25_40', 'pct_amb_fill_25_40', 'RE_ponderado_lag3']",ppef_mujeres_25_40 + pct_amb_fill_25_40 + RE_ponderado_lag3,3,1.9580741577074425,2.488957762115793,0.2019242635541182,1.718880677018969,2.282298068259216,-0.13475320847828076,24.763566676824354,469.49891215179827,479.87939155233664,0.1767218718768797
sklearn_linear_regression,"['ppef_mujeres_25_40', 'pct_amb_fill_25_40', 'RE_ponderado_lag3']",ppef_mujeres_25_40 + pct_amb_fill_25_40 + RE_ponderado_lag3,3,1.9580741577074436,2.488957762115793,0.2019242635541182,1.718880677018971,2.282298068259213,-0.13475320847827743,24.76356667682439,,,
statsmodels_ols,"['ppef_mujeres_25_40', 'pct_amb_fill_25_40', 'RE_ponderado_lag3', 'mes']",ppef_mujeres_25_40 + pct_amb_fill_25_40 + RE_ponderado_lag3 + mes,4,1.9542166978205586,2.4883179086388596,0.20233454443894705,1.7200940344924789,2.2997723691584953,-0.15219609136362378,24.775429428338672,471.44800438718516,484.4236036378581,0.1683913335640086
sklearn_linear_regression,"['ppef_mujeres_25_40', 'pct_amb_fill_25_40', 'RE_ponderado_lag3', 'mes']",ppef_mujeres_25_40 + pct_amb_fill_25_40 + RE_ponderado_lag3 + mes,4,1.9542166978205584,2.4883179086388596,0.20233454443894705,1.7200940344924793,2.299772369158497,-0.15219609136362533,24.775429428338676,,,
statsmodels_ols,"['ppef_mujeres_25_40', 'pct_amb_fill_25_40', 'mes']",ppef_mujeres_25_40 + pct_amb_fill_25_40 + mes,3,1.9922995213003223,2.5678142345100494,0.15055305635497618,1.7253218506540204,2.2150276279047496,-0.06884563766686713,24.90355994544854,475.6747284102205,486.0552078107589,0.12372841602934392
sklearn_linear_regression,"['ppef_mujeres_25_40', 'pct_amb_fill_25_40', 'mes']",ppef_mujeres_25_40 + pct_amb_fill_25_40 + mes,3,1.9922995213002912,2.5678142345100494,0.15055305635497618,1.7253218506540244,2.215027627904795,-0.06884563766691087,24.903559945448585,,,
statsmodels_ols,"['ppef_mujeres_25_40', 'pct_amb_fill_25_40']",ppef_mujeres_25_40 + pct_amb_fill_25_40,2,1.9922154964307068,2.567828015543639,0.1505439386484706,1.7277451474348906,2.2134998739309775,-0.0673717327687875,24.942022516570947,473.67579104056654,481.4611505909703,0.13284693737031372
sklearn_linear_regression,"['ppef_mujeres_25_40', 'pct_amb_fill_25_40']",ppef_mujeres_25_40 + pct_amb_fill_25_40,2,1.9922154964307075,2.5678280155436393,0.1505439386484705,1.7277451474348913,2.2134998739309775,-0.06737173276878727,24.94202251657095,,,
statsmodels_ols,"['ppef_mujeres_25_40', 'pct_amb_fill_25_40', 'RE_ponderado_lag3', 'mat_eq_lag1']",ppef_mujeres_25_40 + pct_amb_fill_25_40 + RE_ponderado_lag3 + mat_eq_lag1,4,1.959146269624146,2.488805521361351,0.2020218915156814,1.7277538225043063,2.2990656298802934,-0.15148804118967307,24.884215488361082,471.48680082079585,484.4624000714688,0.16806537626102924
sklearn_linear_regression,"['ppef_mujeres_25_40', 'pct_amb_fill_25_40', 'RE_ponderado_lag3', 'mat_eq_lag1']",ppef_mujeres_25_40 + pct_amb_fill_25_40 + RE_ponderado_lag3 + mat_eq_lag1,4,1.9591462696241468,2.488805521361351,0.20202189151568117,1.727753822504307,2.299065629880292,-0.15148804118967196,24.884215488361093,,,
statsmodels_ols,"['ppef_mujeres_25_40', 'pct_amb_fill_25_40', 'RE_ponderado_lag3', 'mat_eq_lag1', 'mes']",ppef_mujeres_25_40 + pct_amb_fill_25_40 + RE_ponderado_lag3 + mat_eq_lag1 + mes,5,1.955284897869525,2.4881725571229,0.20242773068054631,1.7299742392155204,2.31627111946676,-0.1687872851426273,24.9104340281896,473.436438163813,489.00715726462056,0.15954750114724237
sklearn_linear_regression,"['ppef_mujeres_25_40', 'pct_amb_fill_25_40', 'RE_ponderado_lag3', 'mat_eq_lag1', 'mes']",ppef_mujeres_25_40 + pct_amb_fill_25_40 + RE_ponderado_lag3 + mat_eq_lag1 + mes,5,1.9552848978695252,2.4881725571229,0.20242773068054631,1.7299742392155226,2.316271119466762,-0.16878728514262886,24.910434028189634,,,
statsmodels_ols,"['ppef_mujeres_25_40', 'pct_amb_fill_25_40', 'mat_eq_lag1', 'mes']",ppef_mujeres_25_40 + pct_amb_fill_25_40 + mat_eq_lag1 + mes,4,1.9958546133772532,2.562256625957963,0.15422605165119263,1.7684980904018373,2.314948599999867,-0.167452983092939,25.427172495112682,477.24572578872414,490.2213250393971,0.118235670870392
sklearn_linear_regression,"['ppef_mujeres_25_40', 'pct_amb_fill_25_40', 'mat_eq_lag1', 'mes']",ppef_mujeres_25_40 + pct_amb_fill_25_40 + mat_eq_lag1 + mes,4,1.995854613377227,2.5622566259579633,0.1542260516511924,1.7684980904018408,2.3149485999998998,-0.1674529830929723,25.42717249511275,,,
sklearn_linear_regression,"['ppef_mujeres_25_40', 'pct_amb_fill_25_40', 'mat_eq_lag1']",ppef_mujeres_25_40 + pct_amb_fill_25_40 + mat_eq_lag1,3,1.995616984377596,2.5622740251222123,0.15421456505015496,1.7712032528172115,2.312871498909669,-0.16535891501893385,25.46903845850535,,,
statsmodels_ols,"['ppef_mujeres_25_40', 'pct_amb_fill_25_40', 'mat_eq_lag1']",ppef_mujeres_25_40 + pct_amb_fill_25_40 + mat_eq_lag1,3,1.9956169843775966,2.562274025122212,0.15421456505015518,1.7712032528172121,2.3128714989096704,-0.1653589150189354,25.46903845850535,475.2470703155719,485.62754971611025,0.12750555131489671
sklearn_linear_regression,"['RE_ponderado_lag3', 'mes']",RE_ponderado_lag3 + mes,2,2.061363018124091,2.69399388664992,0.06502011899982107,1.9991469837329978,2.789119991222386,-0.6946932165533646,29.45216101967731,,,
statsmodels_ols,"['RE_ponderado_lag3', 'mes']",RE_ponderado_lag3 + mes,2,2.0613630181240907,2.69399388664992,0.06502011899982141,1.9991469837329994,2.789119991222387,-0.6946932165533664,29.45216101967733,483.1727417048658,490.9581012552696,0.045541371478984405
sklearn_linear_regression,"['RE_ponderado_lag1', 'mes']",RE_ponderado_lag1 + mes,2,2.08006275430086,2.728689053495803,0.0407823720660514,2.006002369976882,2.617522053981342,-0.4925792271707501,29.759345396503907,,,
statsmodels_ols,"['RE_ponderado_lag1', 'mes']",RE_ponderado_lag1 + mes,2,2.08006275430086,2.7286890534958026,0.04078237206605162,2.0060023699768834,2.617522053981343,-0.4925792271707514,29.759345396503917,485.7064457229966,493.49180527340036,0.0207986714840942
sklearn_linear_regression,"['RE_ponderado_lag3', 'mat_eq_lag1', 'mes']",RE_ponderado_lag3 + mat_eq_lag1 + mes,3,2.0951209212405244,2.6757933054017897,0.07761086278701734,2.0099203858303643,2.8084487633707957,-0.7182632607711064,29.516792996472287,,,
statsmodels_ols,"['RE_ponderado_lag3', 'mat_eq_lag1', 'mes']",RE_ponderado_lag3 + mat_eq_lag1 + mes,3,2.0951209212405244,2.6757933054017897,0.07761086278701745,2.0099203858303643,2.808448763370796,-0.718263260771107,29.51679299647229,483.83051760601705,494.21099700655543,0.0484827847697652
statsmodels_ols,"['RE_ponderado_lag3', 'mat_eq_lag1']",RE_ponderado_lag3 + mat_eq_lag1,2,2.095340106839458,2.6766527019973108,0.07701827188705956,2.0116573658411636,2.783741680116428,-0.6881637022523162,29.543767915916362,481.8940999484228,489.6794594988266,0.05778948588470667
sklearn_linear_regression,"['RE_ponderado_lag3', 'mat_eq_lag1']",RE_ponderado_lag3 + mat_eq_lag1,2,2.0953401068394584,2.6766527019973108,0.07701827188705956,2.011657365841164,2.7837416801164276,-0.6881637022523157,29.543767915916362,,,
sklearn_linear_regression,"['RE_ponderado_lag2', 'mat_eq_lag1']",RE_ponderado_lag2 + mat_eq_lag1,2,2.0951971184924614,2.678280613737651,0.07589523511621943,2.028394373926561,2.6862803392898913,-0.5720246840059577,29.865503580344566,,,
statsmodels_ols,"['RE_ponderado_lag2', 'mat_eq_lag1']",RE_ponderado_lag2 + mat_eq_lag1,2,2.0951971184924614,2.678280613737651,0.07589523511621932,2.0283943739265626,2.6862803392898917,-0.5720246840059584,29.865503580344587,482.0144848404512,489.79984439085496,0.0566430525144741
sklearn_linear_regression,"['RE_ponderado_lag2', 'mat_eq_lag1', 'mes']",RE_ponderado_lag2 + mat_eq_lag1 + mes,3,2.0985774012776197,2.6747377080305337,0.07833848213668904,2.0406477663522447,2.7305517458022104,-0.6242673567093717,30.152417014536564,,,
statsmodels_ols,"['RE_ponderado_lag2', 'mat_eq_lag1', 'mes']",RE_ponderado_lag2 + mat_eq_lag1 + mes,3,2.0985774012776197,2.6747377080305337,0.07833848213668893,2.040647766352246,2.730551745802212,-0.6242673567093735,30.1524170145366,483.75239142314075,494.1328708236791,0.04923338157258439
statsmodels_ols,"['RE_ponderado_lag2', 'mes']",RE_ponderado_lag2 + mes,2,2.0900130443423697,2.6949833100712124,0.06433321256219526,2.0415122366967258,2.6951959909442853,-0.5824769684559035,30.365242418520396,483.2454478353487,491.0308073857525,0.044840154490574435
sklearn_linear_regression,"['RE_ponderado_lag2', 'mes']",RE_ponderado_lag2 + mes,2,2.0900130443423692,2.6949833100712124,0.06433321256219504,2.041512236696727,2.6951959909442857,-0.5824769684559044,30.365242418520406,,,
sklearn_linear_regression,"['RE_ponderado_lag1', 'mat_eq_lag1', 'mes']",RE_ponderado_lag1 + mat_eq_lag1 + mes,3,2.093136219552017,2.705601480992322,0.05694567750180668,2.042383968047768,2.661668507003195,-0.5433507101081119,30.36867529036612,,,
statsmodels_ols,"['RE_ponderado_lag1', 'mat_eq_lag1', 'mes']",RE_ponderado_lag1 + mat_eq_lag1 + mes,3,2.0931362195520165,2.705601480992322,0.05694567750180657,2.0423839680477687,2.661668507003195,-0.5433507101081121,30.368675290366127,486.0240303899197,496.40450979045806,0.027165014686074018
sklearn_linear_regression,"['RE_ponderado_lag1', 'mat_eq_lag1']",RE_ponderado_lag1 + mat_eq_lag1,2,2.0959547622182124,2.7077987743216374,0.05541329483684443,2.064070859093573,2.6351437151128785,-0.5127435344368831,30.745622549468948,,,
statsmodels_ols,"['RE_ponderado_lag1', 'mat_eq_lag1']",RE_ponderado_lag1 + mat_eq_lag1,2,2.0959547622182124,2.707798774321638,0.05541329483684432,2.064070859093573,2.635143715112878,-0.5127435344368825,30.74562254946896,484.1847663719562,491.97012592235995,0.0357344051459455
sklearn_linear_regression,"['pct_amb_fill_25_40', 'RE_ponderado_lag3']",pct_amb_fill_25_40 + RE_ponderado_lag3,2,2.0592570819939655,2.6484773084766493,0.09634726626964896,2.093228863623206,2.9029821720202036,-0.8358848224648998,31.131522609841404,,,
statsmodels_ols,"['pct_amb_fill_25_40', 'RE_ponderado_lag3']",pct_amb_fill_25_40 + RE_ponderado_lag3,2,2.059257081993949,2.6484773084766493,0.09634726626964896,2.0932288636232683,2.902982172020275,-0.8358848224649902,31.131522609842584,479.7988346813922,487.58419423179595,0.07752116765026673
statsmodels_ols,"['pct_amb_fill_25_40', 'RE_ponderado_lag3', 'mes']",pct_amb_fill_25_40 + RE_ponderado_lag3 + mes,3,2.055368889126185,2.6480327649525246,0.09665059471882831,2.0980362493080498,2.8895743777761638,-0.8189654475911388,31.199356435277544,481.7655978455274,492.1460772460658,0.0681237713941596
sklearn_linear_regression,"['pct_amb_fill_25_40', 'RE_ponderado_lag3', 'mes']",pct_amb_fill_25_40 + RE_ponderado_lag3 + mes,3,2.0553688891261834,2.6480327649525246,0.09665059471882831,2.0980362493080573,2.8895743777761718,-0.8189654475911488,31.199356435277686,,,
statsmodels_ols,"['pct_amb_fill_25_40', 'RE_ponderado_lag3', 'mat_eq_lag1']",pct_amb_fill_25_40 + RE_ponderado_lag3 + mat_eq_lag1,3,2.0897712505986163,2.6289472961417615,0.10962529515694852,2.111428744156323,2.9172402034274962,-0.8539630496295465,31.132984401326564,480.33336226455566,490.71384166509404,0.08150819921453634
sklearn_linear_regression,"['pct_amb_fill_25_40', 'RE_ponderado_lag3', 'mat_eq_lag1']",pct_amb_fill_25_40 + RE_ponderado_lag3 + mat_eq_lag1,3,2.0897712505986115,2.6289472961417615,0.10962529515694841,2.1114287441563344,2.9172402034275056,-0.8539630496295583,31.132984401326784,,,
sklearn_linear_regression,"['pct_amb_fill_25_40', 'RE_ponderado_lag3', 'mat_eq_lag1', 'mes']",pct_amb_fill_25_40 + RE_ponderado_lag3 + mat_eq_lag1 + mes,4,2.0893722072216976,2.6286453233243376,0.10982982836826438,2.1141889114066,2.904327902144442,-0.8375873325120335,31.173212616039,,,
statsmodels_ols,"['pct_amb_fill_25_40', 'RE_ponderado_lag3', 'mat_eq_lag1', 'mes']",pct_amb_fill_25_40 + RE_ponderado_lag3 + mat_eq_lag1 + mes,4,2.0893722072216843,2.6286453233243376,0.10982982836826427,2.114188911406648,2.904327902144486,-0.8375873325120893,31.173212616039848,482.31061777967705,495.28621703035,0.07195024659670102
sklearn_linear_regression,"['pct_amb_fill_25_40', 'RE_ponderado_lag1']",pct_amb_fill_25_40 + RE_ponderado_lag1,2,2.071014227919533,2.6891481601344087,0.068380618178143,2.1147856783938743,2.7256889193654468,-0.6184872084096735,31.658218269105205,,,
statsmodels_ols,"['pct_amb_fill_25_40', 'RE_ponderado_lag1']",pct_amb_fill_25_40 + RE_ponderado_lag1,2,2.0710142279195156,2.6891481601344087,0.068380618178143,2.114785678393988,2.7256889193655924,-0.6184872084098465,31.65821826910723,482.8162754994856,490.60163504988935,0.04897188105685424
statsmodels_ols,"['pct_amb_fill_25_40', 'RE_ponderado_lag1', 'mes']",pct_amb_fill_25_40 + RE_ponderado_lag1 + mes,3,2.0709749324875153,2.689147685145741,0.06838094728504474,2.1149781003906387,2.7254872290950574,-0.6182476938832853,31.661918507696953,484.8162405264165,495.19671992695487,0.03896139825194078
sklearn_linear_regression,"['pct_amb_fill_25_40', 'RE_ponderado_lag1', 'mes']",pct_amb_fill_25_40 + RE_ponderado_lag1 + mes,3,2.070974932487501,2.689147685145741,0.06838094728504474,2.1149781003907093,2.7254872290951497,-0.6182476938833945,31.661918507698218,,,
sklearn_linear_regression,"['pct_amb_fill_25_40', 'RE_ponderado_lag2']",pct_amb_fill_25_40 + RE_ponderado_lag2,2,2.088658161151301,2.6554751894157516,0.091565644400459,2.138342853268723,2.7802173013554787,-0.6838917814855441,32.0252628418429,,,
statsmodels_ols,"['pct_amb_fill_25_40', 'RE_ponderado_lag2']",pct_amb_fill_25_40 + RE_ponderado_lag2,2,2.088658161151277,2.6554751894157516,0.09156564440045878,2.138342853268871,2.780217301355615,-0.6838917814857093,32.02526284184567,480.32130588771315,488.1066654381169,0.07263992865880176
statsmodels_ols,"['pct_amb_fill_25_40', 'RE_ponderado_lag2', 'mat_eq_lag1']",pct_amb_fill_25_40 + RE_ponderado_lag2 + mat_eq_lag1,3,2.095422459753251,2.6334922342843305,0.10654406493244228,2.1391769363305673,2.8099275124511798,-0.7200731917067813,31.58429755334962,480.67537017581844,491.0558495763568,0.07832966698294064
sklearn_linear_regression,"['pct_amb_fill_25_40', 'RE_ponderado_lag2', 'mat_eq_lag1']",pct_amb_fill_25_40 + RE_ponderado_lag2 + mat_eq_lag1,3,2.0954224597532423,2.6334922342843305,0.1065440649324424,2.1391769363306232,2.8099275124512233,-0.7200731917068341,31.584297553350666,,,
statsmodels_ols,"['pct_amb_fill_25_40', 'RE_ponderado_lag2', 'mes']",pct_amb_fill_25_40 + RE_ponderado_lag2 + mes,3,2.0895714373989662,2.655323194308874,0.09166963605201128,2.1394575412063785,2.786429553454297,-0.6914253273440731,32.06523933101477,482.30997236344973,492.6904517639881,0.06298551929575891
sklearn_linear_regression,"['pct_amb_fill_25_40', 'RE_ponderado_lag2', 'mes']",pct_amb_fill_25_40 + RE_ponderado_lag2 + mes,3,2.0895714373989636,2.655323194308874,0.09166963605201128,2.1394575412063985,2.7864295534543144,-0.6914253273440942,32.06523933101516,,,
sklearn_linear_regression,"['pct_amb_fill_25_40', 'RE_ponderado_lag2', 'mat_eq_lag1', 'mes']",pct_amb_fill_25_40 + RE_ponderado_lag2 + mat_eq_lag1 + mes,4,2.095430061935396,2.633326716813323,0.10665637049964627,2.1403355681625165,2.818122442839328,-0.730120735469582,31.62477795994546,,,
statsmodels_ols,"['pct_amb_fill_25_40', 'RE_ponderado_lag2', 'mat_eq_lag1', 'mes']",pct_amb_fill_25_40 + RE_ponderado_lag2 + mat_eq_lag1 + mes,4,2.0954300619353954,2.633326716813323,0.10665637049964638,2.140335568162523,2.8181224428393317,-0.7301207354695864,31.624777959945593,482.6629252979617,495.6385245486346,0.0686417479677165
statsmodels_ols,"['pct_amb_fill_25_40', 'RE_ponderado_lag1', 'mat_eq_lag1']",pct_amb_fill_25_40 + RE_ponderado_lag1 + mat_eq_lag1,3,2.098338581862689,2.6637815785042673,0.0858735475706296,2.1553074182134355,2.76702968486369,-0.6679550041116826,32.04826870838334,482.93968790915835,493.3201673096967,0.05700639644128069
sklearn_linear_regression,"['pct_amb_fill_25_40', 'RE_ponderado_lag1', 'mat_eq_lag1']",pct_amb_fill_25_40 + RE_ponderado_lag1 + mat_eq_lag1,3,2.0983385818626803,2.663781578504267,0.0858735475706297,2.1553074182134737,2.7670296848637284,-0.6679550041117288,32.04826870838404,,,
sklearn_linear_regression,"['pct_amb_fill_25_40', 'RE_ponderado_lag1', 'mat_eq_lag1', 'mes']",pct_amb_fill_25_40 + RE_ponderado_lag1 + mat_eq_lag1 + mes,4,2.0984057928602016,2.663781146074367,0.08587384436341572,2.155490113035629,2.766733542007224,-0.6675979956348419,32.05142780627277,,,
statsmodels_ols,"['pct_amb_fill_25_40', 'RE_ponderado_lag1', 'mat_eq_lag1', 'mes']",pct_amb_fill_25_40 + RE_ponderado_lag1 + mat_eq_lag1 + mes,4,2.0984057928601993,2.663781146074368,0.0858738443634155,2.1554901130356376,2.7667335420072297,-0.6675979956348495,32.05142780627293,484.93965576646025,497.9152550171332,0.046974859017177795
sklearn_linear_regression,"['mat_eq_lag1', 'mes']",mat_eq_lag1 + mes,2,2.1708041900446795,2.746385053284108,0.028300659986134957,2.214868130700939,2.850717708944355,-0.7703744012153291,33.05189959295746,,,
statsmodels_ols,"['mat_eq_lag1', 'mes']",mat_eq_lag1 + mes,2,2.1708041900446795,2.7463850532841074,0.02830065998613518,2.2148681307009395,2.8507177089443556,-0.7703744012153295,33.051899592957476,486.9863627033524,494.7717222537562,0.008056923735846544
sklearn_linear_regression,"['pct_amb_fill_25_40', 'mes']",pct_amb_fill_25_40 + mes,2,2.1119916924740973,2.736504512385951,0.03527975760173108,2.3056365617583077,2.9713247671746026,-0.9233438804552936,35.09047104411536,,,
statsmodels_ols,"['pct_amb_fill_25_40', 'mes']",pct_amb_fill_25_40 + mes,2,2.111991692474094,2.736504512385951,0.0352797576017313,2.3056365617583197,2.971324767174616,-0.9233438804553109,35.09047104411561,486.2727429259995,494.0581024764033,0.015181419218434189
sklearn_linear_regression,"['pct_amb_fill_25_40', 'mat_eq_lag1']",pct_amb_fill_25_40 + mat_eq_lag1,2,2.132679783879951,2.6969544133950927,0.0629640238445297,2.31332813592821,2.969520911489098,-0.921009311238157,34.5280092034566,,,
statsmodels_ols,"['pct_amb_fill_25_40', 'mat_eq_lag1']",pct_amb_fill_25_40 + mat_eq_lag1,2,2.132679783879948,2.6969544133950922,0.06296402384453004,2.3133281359282236,2.969520911489112,-0.9210093112381748,34.52800920345687,483.3902115531547,491.17557110355847,0.04344244100795769
sklearn_linear_regression,"['pct_amb_fill_25_40', 'mat_eq_lag1', 'mes']",pct_amb_fill_25_40 + mat_eq_lag1 + mes,3,2.131559110539358,2.695620391736531,0.06389078562018669,2.317055557791336,2.9470858671152804,-0.8920921049178312,34.61055248251482,,,
statsmodels_ols,"['pct_amb_fill_25_40', 'mat_eq_lag1', 'mes']",pct_amb_fill_25_40 + mat_eq_lag1 + mes,3,2.1315591105393468,2.695620391736531,0.06389078562018646,2.317055557791378,2.947085867115318,-0.8920921049178798,34.610552482515615,485.2922485935934,495.6727279941318,0.03432944200819221
sklearn_linear_regression,"['pct_indef_25_40', 'RE_ponderado_lag2']",pct_indef_25_40 + RE_ponderado_lag2,2,1.877601087505521,2.3859134363210903,0.2666379710467517,3.3010305754659726,3.7370626046276523,-2.0424079046340586,42.006037010722245,,,
statsmodels_ols,"['pct_indef_25_40', 'RE_ponderado_lag2']",pct_indef_25_40 + RE_ponderado_lag2,2,1.877601087505522,2.3859134363210903,0.2666379710467517,3.3010305754659797,3.737062604627663,-2.042407904634076,42.006037010722316,459.1270741252932,466.91243367569695,0.25135959544355935
statsmodels_ols,"['pct_indef_25_40', 'RE_ponderado_lag3']",pct_indef_25_40 + RE_ponderado_lag3,2,1.9048739182071739,2.3844211353837212,0.26755506600429146,3.30144413140621,3.768310034049649,-2.093498768912612,41.97065792172994,459.00319367590487,466.78855322630864,0.2522957965460476
sklearn_linear_regression,"['pct_indef_25_40', 'RE_ponderado_lag3']",pct_indef_25_40 + RE_ponderado_lag3,2,1.9048739182071763,2.3844211353837212,0.2675550660042916,3.3014441314062246,3.768310034049664,-2.0934987689126365,41.97065792173007,,,
statsmodels_ols,"['pct_indef_25_40', 'RE_ponderado_lag3', 'mes']",pct_indef_25_40 + RE_ponderado_lag3 + mes,3,1.9047545500571463,2.3844148646363297,0.26755891848743873,3.302143444658082,3.7684880807423604,-2.093791101672734,41.97747174969695,461.0026729584872,471.3831523590256,0.24442920012388414
sklearn_linear_regression,"['pct_indef_25_40', 'RE_ponderado_lag3', 'mes']",pct_indef_25_40 + RE_ponderado_lag3 + mes,3,1.904754550057152,2.3844148646363297,0.26755891848743873,3.3021434446581215,3.7684880807423995,-2.0937911016727986,41.97747174969731,,,
statsmodels_ols,"['pct_indef_25_40', 'RE_ponderado_lag2', 'mes']",pct_indef_25_40 + RE_ponderado_lag2 + mes,3,1.8794824101644885,2.3852307354547513,0.2670575967171013,3.307716973248486,3.736391369951381,-2.041315075051983,42.069622101502304,461.07041066361984,471.4508900641582,0.24391204713974646
sklearn_linear_regression,"['pct_indef_25_40', 'RE_ponderado_lag2', 'mes']",pct_indef_25_40 + RE_ponderado_lag2 + mes,3,1.8794824101644931,2.3852307354547513,0.2670575967171013,3.3077169732485037,3.7363913699514026,-2.041315075052018,42.06962210150246,,,
sklearn_linear_regression,"['pct_indef_25_40', 'RE_ponderado_lag1']",pct_indef_25_40 + RE_ponderado_lag1,2,1.873401428923711,2.405915268625647,0.25429044017511315,3.30840358334901,3.7378335795178694,-2.043663362358531,42.058490687095876,,,
statsmodels_ols,"['pct_indef_25_40', 'RE_ponderado_lag1']",pct_indef_25_40 + RE_ponderado_lag1,2,1.8734014289237173,2.405915268625647,0.25429044017511315,3.308403583349065,3.7378335795179254,-2.043663362358622,42.05849068709637,460.78004882101453,468.5654083714183,0.23875482434542816
statsmodels_ols,"['pct_indef_25_40', 'RE_ponderado_lag1', 'mes']",pct_indef_25_40 + RE_ponderado_lag1 + mes,3,1.8727741738210166,2.405698440938921,0.25442484490244466,3.311592204461347,3.7359408835575225,-2.040581753334712,42.09294623983927,462.76220371349257,473.14268311403094,0.23088036632041653
sklearn_linear_regression,"['pct_indef_25_40', 'RE_ponderado_lag1', 'mes']",pct_indef_25_40 + RE_ponderado_lag1 + mes,3,1.8727741738210164,2.405698440938921,0.25442484490244466,3.3115922044613506,3.735940883557525,-2.040581753334716,42.0929462398393,,,
statsmodels_ols,"['pct_indef_25_40', 'RE_ponderado_lag2', 'mat_eq_lag1']",pct_indef_25_40 + RE_ponderado_lag2 + mat_eq_lag1,3,1.8826802655701387,2.380541876901653,0.2699363835190689,3.315479635614531,3.7554851349603697,-2.072478047610423,42.129856377729205,460.6808015200098,471.0612809205482,0.24688174299861843
sklearn_linear_regression,"['pct_indef_25_40', 'RE_ponderado_lag2', 'mat_eq_lag1']",pct_indef_25_40 + RE_ponderado_lag2 + mat_eq_lag1,3,1.8826802655701411,2.380541876901653,0.2699363835190688,3.3154796356145333,3.7554851349603715,-2.0724780476104256,42.12985637772922,,,
sklearn_linear_regression,"['pct_indef_25_40', 'RE_ponderado_lag2', 'mat_eq_lag1', 'mes']",pct_indef_25_40 + RE_ponderado_lag2 + mat_eq_lag1 + mes,4,1.8840262484390562,2.379984508139578,0.2702782107488859,3.3213554595011137,3.753160087532561,-2.068674839459895,42.18921180359276,,,
statsmodels_ols,"['pct_indef_25_40', 'RE_ponderado_lag2', 'mat_eq_lag1', 'mes']",pct_indef_25_40 + RE_ponderado_lag2 + mat_eq_lag1 + mes,4,1.884026248439055,2.379984508139578,0.2702782107488859,3.3213554595011403,3.7531600875325974,-2.0686748394599546,42.189211803593025,462.6344373130003,475.61003656367325,0.2392262197169236
sklearn_linear_regression,"['pct_indef_25_40', 'RE_ponderado_lag1', 'mat_eq_lag1']",pct_indef_25_40 + RE_ponderado_lag1 + mat_eq_lag1,3,1.8712618829030485,2.4013009696984535,0.25714808623955854,3.350727053334021,3.754515982443246,-2.0708924651840372,42.45972036836634,,,
statsmodels_ols,"['pct_indef_25_40', 'RE_ponderado_lag1', 'mat_eq_lag1']",pct_indef_25_40 + RE_ponderado_lag1 + mat_eq_lag1,3,1.8712618829030478,2.401300969698453,0.25714808623955865,3.350727053334024,3.754515982443249,-2.070892465184042,42.45972036836634,462.3999404910036,472.78041989154195,0.23368960475238676
sklearn_linear_regression,"['pct_indef_25_40', 'RE_ponderado_lag3', 'mat_eq_lag1', 'mes']",pct_indef_25_40 + RE_ponderado_lag3 + mat_eq_lag1 + mes,4,1.8976921737284862,2.378149287410913,0.2714031627948438,3.3517357316536405,3.78860801275835,-2.1269147486617173,42.445106624531405,,,
statsmodels_ols,"['pct_indef_25_40', 'RE_ponderado_lag3', 'mat_eq_lag1', 'mes']",pct_indef_25_40 + RE_ponderado_lag3 + mat_eq_lag1 + mes,4,1.897692173728488,2.378149287410913,0.2714031627948438,3.3517357316536507,3.78860801275836,-2.1269147486617337,42.44510662453149,462.4816993960319,475.4572986467048,0.24039904206270957
statsmodels_ols,"['pct_indef_25_40', 'RE_ponderado_lag3', 'mat_eq_lag1']",pct_indef_25_40 + RE_ponderado_lag3 + mat_eq_lag1,3,1.8977148046457355,2.3781514868614972,0.27140181509687666,3.3521020802398547,3.7885986418643722,-2.1268992802098476,42.44890089724829,460.481882517847,470.8623619183854,0.24839345136309376
sklearn_linear_regression,"['pct_indef_25_40', 'RE_ponderado_lag3', 'mat_eq_lag1']",pct_indef_25_40 + RE_ponderado_lag3 + mat_eq_lag1,3,1.8977148046457406,2.3781514868614972,0.27140181509687644,3.352102080239883,3.7885986418644015,-2.126899280209896,42.448900897248535,,,
sklearn_linear_regression,"['pct_indef_25_40', 'RE_ponderado_lag1', 'mat_eq_lag1', 'mes']",pct_indef_25_40 + RE_ponderado_lag1 + mat_eq_lag1 + mes,4,1.870499517607501,2.4011422871739208,0.2572462611236972,3.353205481316389,3.7520352553263616,-2.0668357348329947,42.48864027369287,,,
statsmodels_ols,"['pct_indef_25_40', 'RE_ponderado_lag1', 'mat_eq_lag1', 'mes']",pct_indef_25_40 + RE_ponderado_lag1 + mat_eq_lag1 + mes,4,1.8704995176075037,2.4011422871739208,0.2572462611236972,3.353205481316412,3.7520352553263985,-2.0668357348330546,42.48864027369307,464.38685584296576,477.3624550936387,0.22563971904385427
statsmodels_ols,"['pct_indef_25_40', 'pct_amb_fill_25_40', 'RE_ponderado_lag2', 'mes']",pct_indef_25_40 + pct_amb_fill_25_40 + RE_ponderado_lag2 + mes,4,1.8362200018976025,2.319741006722815,0.30675291284817663,3.372072771250656,3.8686119317033656,-2.260371047724334,42.58300719347652,457.55802736835756,470.5336266190305,0.2772530367991628
sklearn_linear_regression,"['pct_indef_25_40', 'pct_amb_fill_25_40', 'RE_ponderado_lag2', 'mes']",pct_indef_25_40 + pct_amb_fill_25_40 + RE_ponderado_lag2 + mes,4,1.836220001897595,2.319741006722815,0.30675291284817663,3.3720727712506697,3.868611931703374,-2.2603710477243486,42.58300719347663,,,
statsmodels_ols,"['pct_indef_25_40', 'pct_amb_fill_25_40', 'RE_ponderado_lag2']",pct_indef_25_40 + pct_amb_fill_25_40 + RE_ponderado_lag2,3,1.834778203414644,2.3208253838407322,0.30610463618348005,3.3752892145959876,3.864553341355733,-2.2535336758020303,42.61593519006995,455.65056205278415,466.03104145332253,0.2841921510103267
sklearn_linear_regression,"['pct_indef_25_40', 'pct_amb_fill_25_40', 'RE_ponderado_lag2']",pct_indef_25_40 + pct_amb_fill_25_40 + RE_ponderado_lag2,3,1.834778203414677,2.3208253838407322,0.30610463618348005,3.375289214596138,3.864553341355919,-2.2535336758023443,42.615935190071276,,,
sklearn_linear_regression,"['pct_indef_25_40', 'mes']",pct_indef_25_40 + mes,2,1.915508262534279,2.430351892780818,0.23906532638637967,3.3887837110320334,3.8437491248023448,-2.218598188344406,42.78203034794952,,,
statsmodels_ols,"['pct_indef_25_40', 'mes']",pct_indef_25_40 + mes,2,1.9155082625342779,2.430351892780818,0.23906532638637967,3.3887837110320373,3.8437491248023465,-2.218598188344409,42.782030347949586,462.78096919953924,470.566328749943,0.2232125206860961
statsmodels_ols,"['pct_indef_25_40', 'pct_amb_fill_25_40', 'RE_ponderado_lag3', 'mes']",pct_indef_25_40 + pct_amb_fill_25_40 + RE_ponderado_lag3 + mes,4,1.8572241711123423,2.3134954526229436,0.3104808149071645,3.4116231479365564,3.902715978916702,-2.318108530975657,42.92176528409908,457.0242232028951,469.999822453568,0.2811395729883204
sklearn_linear_regression,"['pct_indef_25_40', 'pct_amb_fill_25_40', 'RE_ponderado_lag3', 'mes']",pct_indef_25_40 + pct_amb_fill_25_40 + RE_ponderado_lag3 + mes,4,1.8572241711123436,2.3134954526229436,0.3104808149071645,3.4116231479365573,3.9027159789167034,-2.3181085309756586,42.9217652840991,,,
statsmodels_ols,"['pct_indef_25_40', 'mat_eq_lag1', 'mes']",pct_indef_25_40 + mat_eq_lag1 + mes,3,1.9141542374895812,2.4287829108650767,0.24004749474645248,3.416289531388292,3.8590855176820766,-2.2443335629643695,43.03286853724635,464.6531034610213,475.0335828615597,0.21604899458055082
sklearn_linear_regression,"['pct_indef_25_40', 'mat_eq_lag1', 'mes']",pct_indef_25_40 + mat_eq_lag1 + mes,3,1.9141542374895817,2.4287829108650776,0.24004749474645226,3.4162895313883,3.859085517682085,-2.244333562964384,43.03286853724642,,,
sklearn_linear_regression,"['pct_indef_25_40', 'pct_amb_fill_25_40', 'RE_ponderado_lag2', 'mat_eq_lag1', 'mes']",pct_indef_25_40 + pct_amb_fill_25_40 + RE_ponderado_lag2 + mat_eq_lag1 + mes,5,1.82954103262279,2.3141941813463682,0.31006425077277233,3.4163839324351257,3.8881876446374277,-2.2934503889383393,43.00081137065579,,,
statsmodels_ols,"['pct_indef_25_40', 'pct_amb_fill_25_40', 'RE_ponderado_lag2', 'mat_eq_lag1', 'mes']",pct_indef_25_40 + pct_amb_fill_25_40 + RE_ponderado_lag2 + mat_eq_lag1 + mes,5,1.8295410326227939,2.3141941813463682,0.3100642507727721,3.416383932435142,3.888187644637445,-2.293450388938369,43.000811370655946,459.0840147184167,474.65473381922425,0.2729709309218459
sklearn_linear_regression,"['pct_indef_25_40', 'pct_amb_fill_25_40', 'RE_ponderado_lag2', 'mat_eq_lag1']",pct_indef_25_40 + pct_amb_fill_25_40 + RE_ponderado_lag2 + mat_eq_lag1,4,1.828517983778589,2.3154581332176036,0.3093103955151142,3.418331401591578,3.881304470053619,-2.281800062096635,43.02703506482337,,,
statsmodels_ols,"['pct_indef_25_40', 'pct_amb_fill_25_40', 'RE_ponderado_lag2', 'mat_eq_lag1']",pct_indef_25_40 + pct_amb_fill_25_40 + RE_ponderado_lag2 + mat_eq_lag1,4,1.8285179837785892,2.3154581332176036,0.3093103955151142,3.418331401591589,3.8813044700536303,-2.2818000620966545,43.02703506482349,457.1921275786136,470.16772682928655,0.2799193485157573
statsmodels_ols,"['pct_indef_25_40', 'mat_eq_lag1']",pct_indef_25_40 + mat_eq_lag1,2,1.913706804761783,2.42910108835664,0.23984836981109703,3.421130638920006,3.8574585558648344,-2.2415985657031867,43.08836700909659,462.67904032712585,470.4643998775296,0.2240118775154949
sklearn_linear_regression,"['pct_indef_25_40', 'mat_eq_lag1']",pct_indef_25_40 + mat_eq_lag1,2,1.9137068047617842,2.42910108835664,0.2398483698110968,3.4211306389200136,3.8574585558648424,-2.2415985657032005,43.088367009096665,,,
statsmodels_ols,"['pct_indef_25_40', 'pct_amb_fill_25_40', 'RE_ponderado_lag3']",pct_indef_25_40 + pct_amb_fill_25_40 + RE_ponderado_lag3,3,1.852416200837371,2.3165552684227304,0.30865570053297076,3.421622634272859,3.902022214209302,-2.316928951420958,43.02407164212779,455.28592384207025,465.6664032426086,0.2868237752866435
sklearn_linear_regression,"['pct_indef_25_40', 'pct_amb_fill_25_40', 'RE_ponderado_lag3']",pct_indef_25_40 + pct_amb_fill_25_40 + RE_ponderado_lag3,3,1.8524162008373901,2.3165552684227304,0.30865570053297076,3.421622634273021,3.902022214209465,-2.316928951421235,43.02407164212925,,,
statsmodels_ols,"['pct_indef_25_40', 'pct_amb_fill_25_40', 'RE_ponderado_lag1', 'mes']",pct_indef_25_40 + pct_amb_fill_25_40 + RE_ponderado_lag1 + mes,4,1.8656767177528721,2.339140532792552,0.29510945856879267,3.42922048992042,3.880231065282414,-2.2799850987218075,43.12736923904967,459.2069760825543,472.18257533322725,0.26511411638023064
sklearn_linear_regression,"['pct_indef_25_40', 'pct_amb_fill_25_40', 'RE_ponderado_lag1', 'mes']",pct_indef_25_40 + pct_amb_fill_25_40 + RE_ponderado_lag1 + mes,4,1.8656767177528684,2.339140532792552,0.29510945856879267,3.429220489920445,3.8802310652824237,-2.2799850987218235,43.12736923904991,,,
statsmodels_ols,"['pct_indef_25_40', 'pct_amb_fill_25_40', 'RE_ponderado_lag1']",pct_indef_25_40 + pct_amb_fill_25_40 + RE_ponderado_lag1,3,1.8645569816993883,2.3412263359574728,0.2938518013945546,3.433916349471899,3.8697890451215966,-2.262355434088011,43.19027444567376,457.38345329708727,467.76393269762565,0.2715523845964878
sklearn_linear_regression,"['pct_indef_25_40', 'pct_amb_fill_25_40', 'RE_ponderado_lag1']",pct_indef_25_40 + pct_amb_fill_25_40 + RE_ponderado_lag1,3,1.8645569816994088,2.3412263359574728,0.2938518013945546,3.433916349472099,3.8697890451217956,-2.2623554340883465,43.190274445675556,,,
statsmodels_ols,"['pct_indef_25_40', 'pct_amb_fill_25_40', 'RE_ponderado_lag3', 'mat_eq_lag1', 'mes']",pct_indef_25_40 + pct_amb_fill_25_40 + RE_ponderado_lag3 + mat_eq_lag1 + mes,5,1.846102360137914,2.3065751508560464,0.3145997286694835,3.4633151490422414,3.9266668544697425,-2.358959806141486,43.396657712064666,458.43106310115354,474.0017822019611,0.2777502517162299
sklearn_linear_regression,"['pct_indef_25_40', 'pct_amb_fill_25_40', 'RE_ponderado_lag3', 'mat_eq_lag1', 'mes']",pct_indef_25_40 + pct_amb_fill_25_40 + RE_ponderado_lag3 + mat_eq_lag1 + mes,5,1.8461023601379163,2.3065751508560464,0.3145997286694835,3.4633151490422827,3.9266668544697816,-2.358959806141553,43.39665771206504,,,
statsmodels_ols,"['pct_indef_25_40', 'pct_amb_fill_25_40', 'RE_ponderado_lag1', 'mat_eq_lag1', 'mes']",pct_indef_25_40 + pct_amb_fill_25_40 + RE_ponderado_lag1 + mat_eq_lag1 + mes,5,1.860688859536135,2.3345166375994584,0.29789348842161245,3.4705033251917166,3.8980355776982174,-2.3101547024449127,43.50964126275851,460.81519229800733,476.38591139881487,0.2601458265087959
sklearn_linear_regression,"['pct_indef_25_40', 'pct_amb_fill_25_40', 'RE_ponderado_lag1', 'mat_eq_lag1', 'mes']",pct_indef_25_40 + pct_amb_fill_25_40 + RE_ponderado_lag1 + mat_eq_lag1 + mes,5,1.8606888595361386,2.334516637599459,0.29789348842161234,3.470503325191737,3.8980355776982445,-2.310154702444958,43.50964126275869,,,
sklearn_linear_regression,"['pct_indef_25_40', 'pct_amb_fill_25_40', 'RE_ponderado_lag3', 'mat_eq_lag1']",pct_indef_25_40 + pct_amb_fill_25_40 + RE_ponderado_lag3 + mat_eq_lag1,4,1.8457781132110647,2.3101274230669064,0.31248698315205514,3.4721560595178147,3.92134696168246,-2.34986445787893,43.49750584576426,,,
statsmodels_ols,"['pct_indef_25_40', 'pct_amb_fill_25_40', 'RE_ponderado_lag3', 'mat_eq_lag1']",pct_indef_25_40 + pct_amb_fill_25_40 + RE_ponderado_lag3 + mat_eq_lag1,4,1.8457781132110684,2.310127423066906,0.31248698315205525,3.472156059517843,3.9213469616824885,-2.3498644578789785,43.497505845764515,456.73576110813633,469.71136035880926,0.2832311100946958
statsmodels_ols,"['pct_indef_25_40', 'pct_amb_fill_25_40', 'RE_ponderado_lag1', 'mat_eq_lag1']",pct_indef_25_40 + pct_amb_fill_25_40 + RE_ponderado_lag1 + mat_eq_lag1,4,1.8598725479194367,2.3367974582465783,0.2965209033860525,3.474527095262934,3.8840600398442278,-2.2864616078959314,43.57378681649469,459.0085436825432,471.9841429332161,0.26658562267907604
sklearn_linear_regression,"['pct_indef_25_40', 'pct_amb_fill_25_40', 'RE_ponderado_lag1', 'mat_eq_lag1']",pct_indef_25_40 + pct_amb_fill_25_40 + RE_ponderado_lag1 + mat_eq_lag1,4,1.8598725479194396,2.3367974582465783,0.2965209033860525,3.4745270952629483,3.8840600398442473,-2.2864616078959643,43.57378681649484,,,
sklearn_linear_regression,"['pct_indef_25_40', 'pct_amb_fill_25_40', 'mes']",pct_indef_25_40 + pct_amb_fill_25_40 + mes,3,1.8876653389052553,2.355037144087324,0.2854961444599581,3.4968891537708884,3.977501218193027,-2.4464924915718043,43.698143723952334,,,
statsmodels_ols,"['pct_indef_25_40', 'pct_amb_fill_25_40', 'mes']",pct_indef_25_40 + pct_amb_fill_25_40 + mes,3,1.8876653389052578,2.355037144087324,0.2854961444599581,3.496889153770905,3.977501218193045,-2.446492491571836,43.698143723952484,458.5480165310105,468.92849593154887,0.26293286481132505
sklearn_linear_regression,"['pct_indef_25_40', 'pct_amb_fill_25_40']",pct_indef_25_40 + pct_amb_fill_25_40,2,1.8868507011083042,2.3604828179802757,0.2821879557714727,3.5132775713341253,3.970298429977419,-2.4340214062623384,43.88964612857742,,,
statsmodels_ols,"['pct_indef_25_40', 'pct_amb_fill_25_40']",pct_indef_25_40 + pct_amb_fill_25_40,2,1.8868507011083042,2.3604828179802757,0.2821879557714727,3.5132775713341267,3.970298429977419,-2.4340214062623384,43.88964612857742,457.0053336111263,464.79069316153004,0.26723353818337847
statsmodels_ols,"['pct_indef_25_40', 'pct_amb_fill_25_40', 'mat_eq_lag1', 'mes']",pct_indef_25_40 + pct_amb_fill_25_40 + mat_eq_lag1 + mes,4,1.8859912090557838,2.3529601572787535,0.28675587888481735,3.5283885924004057,3.996466930761513,-2.4794383141280965,43.978039372802044,460.37331659451866,473.3489158451916,0.25640506522034145
sklearn_linear_regression,"['pct_indef_25_40', 'pct_amb_fill_25_40', 'mat_eq_lag1', 'mes']",pct_indef_25_40 + pct_amb_fill_25_40 + mat_eq_lag1 + mes,4,1.8859912090557887,2.3529601572787535,0.28675587888481735,3.5283885924004443,3.99646693076155,-2.4794383141281604,43.978039372802364,,,
sklearn_linear_regression,"['pct_indef_25_40', 'pct_amb_fill_25_40', 'mat_eq_lag1']",pct_indef_25_40 + pct_amb_fill_25_40 + mat_eq_lag1,3,1.885049148451645,2.358844306914492,0.2831841373690226,3.5418280698191738,3.9842818917943865,-2.458253373124045,44.1511660407147,,,
statsmodels_ols,"['pct_indef_25_40', 'pct_amb_fill_25_40', 'mat_eq_lag1']",pct_indef_25_40 + pct_amb_fill_25_40 + mat_eq_lag1,3,1.885049148451646,2.3588443069144924,0.28318413736902226,3.541828069819193,3.9842818917944043,-2.4582533731240757,44.15116604071487,458.8678457042807,469.24832510481906,0.2605478469701493
statsmodels_ols,"['ppef_mujeres_25_40', 'pct_indef_25_40', 'RE_ponderado_lag3']",ppef_mujeres_25_40 + pct_indef_25_40 + RE_ponderado_lag3,3,1.8786473206783507,2.374756694559847,0.2734804666169024,3.939565364340855,4.4127130619461195,-3.241974666025591,47.57746394830731,460.19903716743227,470.57951656797064,0.25053774451006783
sklearn_linear_regression,"['ppef_mujeres_25_40', 'pct_indef_25_40', 'RE_ponderado_lag3']",ppef_mujeres_25_40 + pct_indef_25_40 + RE_ponderado_lag3,3,1.8786473206783507,2.374756694559847,0.2734804666169024,3.939565364340863,4.412713061946128,-3.241974666025609,47.57746394830739,,,
statsmodels_ols,"['ppef_mujeres_25_40', 'pct_indef_25_40', 'RE_ponderado_lag3', 'mes']",ppef_mujeres_25_40 + pct_indef_25_40 + RE_ponderado_lag3 + mes,4,1.8776432690341194,2.3743837716733873,0.2737086285070962,3.9618943325293636,4.44237577267778,-3.2991963260892776,47.75772370081485,462.16794154825834,475.14354079893127,0.24280261269888748
sklearn_linear_regression,"['ppef_mujeres_25_40', 'pct_indef_25_40', 'RE_ponderado_lag3', 'mes']",ppef_mujeres_25_40 + pct_indef_25_40 + RE_ponderado_lag3 + mes,4,1.8776432690341207,2.3743837716733878,0.273708628507096,3.961894332529391,4.442375772677808,-3.2991963260893336,47.7577237008151,,,
statsmodels_ols,"['ppef_mujeres_25_40', 'pct_indef_25_40', 'RE_ponderado_lag3', 'mat_eq_lag1']",ppef_mujeres_25_40 + pct_indef_25_40 + RE_ponderado_lag3 + mat_eq_lag1,4,1.8751571433725542,2.368154490552097,0.27751453249478353,4.001579358319414,4.458766445603842,-3.3309796429924106,48.104149331005495,461.6477988301067,474.6233980807796,0.246770470047753
sklearn_linear_regression,"['ppef_mujeres_25_40', 'pct_indef_25_40', 'RE_ponderado_lag3', 'mat_eq_lag1']",ppef_mujeres_25_40 + pct_indef_25_40 + RE_ponderado_lag3 + mat_eq_lag1,4,1.875157143372555,2.3681544905520973,0.2775145324947834,4.001579358319416,4.458766445603845,-3.3309796429924177,48.10414933100552,,,
statsmodels_ols,"['ppef_mujeres_25_40', 'pct_indef_25_40', 'RE_ponderado_lag2', 'mes']",ppef_mujeres_25_40 + pct_indef_25_40 + RE_ponderado_lag2 + mes,4,1.859415006860878,2.373207642883213,0.27442797357611726,4.00234020542344,4.477348998648103,-3.3671548350853513,48.10967492599189,462.06983980154763,475.04543905222056,0.2435525681963775
sklearn_linear_regression,"['ppef_mujeres_25_40', 'pct_indef_25_40', 'RE_ponderado_lag2', 'mes']",ppef_mujeres_25_40 + pct_indef_25_40 + RE_ponderado_lag2 + mes,4,1.8594150068608788,2.3732076428832136,0.27442797357611715,4.002340205423448,4.477348998648108,-3.367154835085363,48.10967492599196,,,
statsmodels_ols,"['ppef_mujeres_25_40', 'pct_indef_25_40', 'RE_ponderado_lag2']",ppef_mujeres_25_40 + pct_indef_25_40 + RE_ponderado_lag2,3,1.859297256137631,2.373208646207728,0.2744273600736641,4.004510735991906,4.47903721688503,-3.370448793365737,48.12802226426843,460.0699235102836,470.450402910822,0.2515145398654641
sklearn_linear_regression,"['ppef_mujeres_25_40', 'pct_indef_25_40', 'RE_ponderado_lag2']",ppef_mujeres_25_40 + pct_indef_25_40 + RE_ponderado_lag2,3,1.8592972561378862,2.373208646207728,0.2744273600736643,4.004510735994152,4.479037216887031,-3.3704487933696425,48.128022264287324,,,
statsmodels_ols,"['ppef_mujeres_25_40', 'pct_indef_25_40', 'RE_ponderado_lag3', 'mat_eq_lag1', 'mes']",ppef_mujeres_25_40 + pct_indef_25_40 + RE_ponderado_lag3 + mat_eq_lag1 + mes,5,1.8729170435940077,2.3675824284773017,0.2778635440285362,4.03509656520955,4.498393499973994,-3.4083044445566806,48.37367951787606,463.5999632795695,479.17068238037706,0.23903900338490913
sklearn_linear_regression,"['ppef_mujeres_25_40', 'pct_indef_25_40', 'RE_ponderado_lag3', 'mat_eq_lag1', 'mes']",ppef_mujeres_25_40 + pct_indef_25_40 + RE_ponderado_lag3 + mat_eq_lag1 + mes,5,1.8729170435940068,2.3675824284773017,0.2778635440285362,4.035096565209597,4.498393499974034,-3.4083044445567587,48.37367951787645,,,
statsmodels_ols,"['ppef_mujeres_25_40', 'pct_indef_25_40', 'RE_ponderado_lag2', 'mat_eq_lag1']",ppef_mujeres_25_40 + pct_indef_25_40 + RE_ponderado_lag2 + mat_eq_lag1,4,1.8646228450949294,2.3672240545353724,0.2780821427972353,4.1074242463063895,4.5321808629033615,-3.474774549443312,49.01120159966208,461.56999033732063,474.54558958799356,0.2473622339800965
sklearn_linear_regression,"['ppef_mujeres_25_40', 'pct_indef_25_40', 'RE_ponderado_lag2', 'mat_eq_lag1']",ppef_mujeres_25_40 + pct_indef_25_40 + RE_ponderado_lag2 + mat_eq_lag1,4,1.864622845095151,2.367224054535372,0.2780821427972354,4.107424246308664,4.532180862905418,-3.474774549447372,49.01120159968102,,,
statsmodels_ols,"['ppef_mujeres_25_40', 'pct_indef_25_40', 'RE_ponderado_lag2', 'mat_eq_lag1', 'mes']",ppef_mujeres_25_40 + pct_indef_25_40 + RE_ponderado_lag2 + mat_eq_lag1 + mes,5,1.8642672589981437,2.3672183990908047,0.27808559220587004,4.112714003039537,4.5364675571851585,-3.483243347380024,49.05488605149977,463.56951730251853,479.14023640332607,0.2392729896362933
sklearn_linear_regression,"['ppef_mujeres_25_40', 'pct_indef_25_40', 'RE_ponderado_lag2', 'mat_eq_lag1', 'mes']",ppef_mujeres_25_40 + pct_indef_25_40 + RE_ponderado_lag2 + mat_eq_lag1 + mes,5,1.8642672589981428,2.3672183990908042,0.27808559220587015,4.112714003039561,4.536467557185179,-3.483243347380066,49.054886051499984,,,
statsmodels_ols,"['ppef_mujeres_25_40', 'pct_indef_25_40', 'RE_ponderado_lag1']",ppef_mujeres_25_40 + pct_indef_25_40 + RE_ponderado_lag1,3,1.8462006397215571,2.3889919695110975,0.2647442427591299,4.180057408016094,4.6033057720957204,-3.616324625005902,49.61248255098976,461.38238793960915,471.7628673401475,0.24152563989889186
sklearn_linear_regression,"['ppef_mujeres_25_40', 'pct_indef_25_40', 'RE_ponderado_lag1']",ppef_mujeres_25_40 + pct_indef_25_40 + RE_ponderado_lag1,3,1.8462006397217159,2.388991969511098,0.2647442427591298,4.180057408017489,4.603305772096983,-3.616324625008434,49.61248255100128,,,
statsmodels_ols,"['ppef_mujeres_25_40', 'pct_indef_25_40', 'RE_ponderado_lag1', 'mes']",ppef_mujeres_25_40 + pct_indef_25_40 + RE_ponderado_lag1 + mes,4,1.847048347512253,2.3888403854033395,0.2648375453348176,4.2044543059931785,4.623720257068207,-3.6573598545899317,49.81140831490487,463.36982422823684,476.34542347890977,0.23355403662566088
sklearn_linear_regression,"['ppef_mujeres_25_40', 'pct_indef_25_40', 'RE_ponderado_lag1', 'mes']",ppef_mujeres_25_40 + pct_indef_25_40 + RE_ponderado_lag1 + mes,4,1.8470483475122526,2.3888403854033395,0.2648375453348176,4.204454305993213,4.623720257068239,-3.6573598545899957,49.811408314905165,,,
sklearn_linear_regression,"['ppef_mujeres_25_40', 'pct_indef_25_40']",ppef_mujeres_25_40 + pct_indef_25_40,2,1.900841927484041,2.4132963550491273,0.249707909907686,4.254159974677883,4.715692481444584,-3.844485345578202,50.18733531186349,,,
statsmodels_ols,"['ppef_mujeres_25_40', 'pct_indef_25_40']",ppef_mujeres_25_40 + pct_indef_25_40,2,1.9008419274840413,2.4132963550491273,0.2497079099076862,4.254159974677887,4.715692481444591,-3.8444853455782138,50.18733531186355,461.38656140802163,469.1719209584254,0.23407682469742974
statsmodels_ols,"['ppef_mujeres_25_40', 'pct_indef_25_40', 'RE_ponderado_lag1', 'mat_eq_lag1']",ppef_mujeres_25_40 + pct_indef_25_40 + RE_ponderado_lag1 + mat_eq_lag1,4,1.8429324050515463,2.3834618471268114,0.26814429453876143,4.2878229657733336,4.662968289932835,-3.736762590933937,50.51914176021357,462.9235192887071,475.89911853938,0.23700149856168728
sklearn_linear_regression,"['ppef_mujeres_25_40', 'pct_indef_25_40', 'RE_ponderado_lag1', 'mat_eq_lag1']",ppef_mujeres_25_40 + pct_indef_25_40 + RE_ponderado_lag1 + mat_eq_lag1,4,1.8429324050516445,2.3834618471268114,0.2681442945387613,4.287822965774772,4.662968289934154,-3.7367625909366167,50.51914176022534,,,
sklearn_linear_regression,"['ppef_mujeres_25_40', 'pct_indef_25_40', 'RE_ponderado_lag1', 'mat_eq_lag1', 'mes']",ppef_mujeres_25_40 + pct_indef_25_40 + RE_ponderado_lag1 + mat_eq_lag1 + mes,5,1.8424126588371996,2.383222201995885,0.26829145597916115,4.319437050543047,4.690391656823424,-3.7926411393532904,50.77075615967611,,,
statsmodels_ols,"['ppef_mujeres_25_40', 'pct_indef_25_40', 'RE_ponderado_lag1', 'mat_eq_lag1', 'mes']",ppef_mujeres_25_40 + pct_indef_25_40 + RE_ponderado_lag1 + mat_eq_lag1 + mes,5,1.8424126588372,2.383222201995885,0.26829145597916126,4.319437050543051,4.690391656823429,-3.792641139353302,50.770756159676154,464.90361038118374,480.4743294819913,0.22895228694578307
sklearn_linear_regression,"['ppef_mujeres_25_40', 'pct_indef_25_40', 'mat_eq_lag1']",ppef_mujeres_25_40 + pct_indef_25_40 + mat_eq_lag1,3,1.9009769449193294,2.4112609322965963,0.2509729991028873,4.322670201619643,4.757287771541689,-3.9303249057199396,50.75754812025376,,,
statsmodels_ols,"['ppef_mujeres_25_40', 'pct_indef_25_40', 'mat_eq_lag1']",ppef_mujeres_25_40 + pct_indef_25_40 + mat_eq_lag1,3,1.9009769449193294,2.411260932296596,0.2509729991028874,4.32267020161965,4.757287771541693,-3.9303249057199476,50.75754812025382,463.219493756045,473.59997315658336,0.22731951486403112
sklearn_linear_regression,"['ppef_mujeres_25_40', 'pct_indef_25_40', 'mes']",ppef_mujeres_25_40 + pct_indef_25_40 + mes,3,1.898380623650335,2.4114880475325444,0.25083189164056485,4.333217857609671,4.78011200052957,-3.97774722572876,50.82122918047304,,,
statsmodels_ols,"['ppef_mujeres_25_40', 'pct_indef_25_40', 'mes']",ppef_mujeres_25_40 + pct_indef_25_40 + mes,3,1.8983806236503622,2.4114880475325444,0.25083189164056485,4.333217857609938,4.780112000529811,-3.9777472257292628,50.8212291804752,463.2381423802795,473.6186217808179,0.22717395137658258
sklearn_linear_regression,"['ppef_mujeres_25_40', 'pct_indef_25_40', 'mat_eq_lag1', 'mes']",ppef_mujeres_25_40 + pct_indef_25_40 + mat_eq_lag1 + mes,4,1.8989250522562893,2.409136784867493,0.2522920956464628,4.413866615667928,4.832808586220454,-4.088102863752806,51.47812722517686,,,
statsmodels_ols,"['ppef_mujeres_25_40', 'pct_indef_25_40', 'mat_eq_lag1', 'mes']",ppef_mujeres_25_40 + pct_indef_25_40 + mat_eq_lag1 + mes,4,1.8989250522563188,2.409136784867493,0.2522920956464628,4.413866615668163,4.83280858622067,-4.088102863753261,51.478127225178774,465.0449931264859,478.02059237715883,0.22047473801439732
sklearn_linear_regression,"['ppef_mujeres_25_40', 'pct_indef_25_40', 'pct_amb_fill_25_40', 'RE_ponderado_lag3']",ppef_mujeres_25_40 + pct_indef_25_40 + pct_amb_fill_25_40 + RE_ponderado_lag3,4,1.8060441611982403,2.2529448476002374,0.3461017507565298,5.38665197546965,5.847846200968371,-6.449868007561923,58.733837860360225,,,
statsmodels_ols,"['ppef_mujeres_25_40', 'pct_indef_25_40', 'pct_amb_fill_25_40', 'RE_ponderado_lag3']",ppef_mujeres_25_40 + pct_indef_25_40 + pct_amb_fill_25_40 + RE_ponderado_lag3,4,1.8060441611982405,2.252944847600237,0.34610175075652994,5.386651975469655,5.847846200968377,-6.449868007561936,58.73383786036026,451.7729895337389,464.7485887844118,0.3182762933419141
statsmodels_ols,"['ppef_mujeres_25_40', 'pct_indef_25_40', 'pct_amb_fill_25_40', 'RE_ponderado_lag2']",ppef_mujeres_25_40 + pct_indef_25_40 + pct_amb_fill_25_40 + RE_ponderado_lag2,4,1.8121643135917487,2.2508846196932955,0.34729713150629893,5.47706354493494,5.900981770975291,-6.585867279266703,59.45279582187772,451.59184361913907,464.567442869812,0.3195225413576308
sklearn_linear_regression,"['ppef_mujeres_25_40', 'pct_indef_25_40', 'pct_amb_fill_25_40', 'RE_ponderado_lag2']",ppef_mujeres_25_40 + pct_indef_25_40 + pct_amb_fill_25_40 + RE_ponderado_lag2,4,1.8121643135919452,2.2508846196932955,0.3472971315062988,5.477063544937177,5.900981770977361,-6.5858672792720245,59.45279582189379,,,
statsmodels_ols,"['ppef_mujeres_25_40', 'pct_indef_25_40', 'pct_amb_fill_25_40', 'RE_ponderado_lag3', 'mat_eq_lag1']",ppef_mujeres_25_40 + pct_indef_25_40 + pct_amb_fill_25_40 + RE_ponderado_lag3 + mat_eq_lag1,5,1.7955169777293984,2.2454158782912326,0.35046488785536223,5.491347029994652,5.915752483126612,-6.623891086328634,59.52534759959902,453.1101981721597,468.68091727296724,0.3155436452669409
sklearn_linear_regression,"['ppef_mujeres_25_40', 'pct_indef_25_40', 'pct_amb_fill_25_40', 'RE_ponderado_lag3', 'mat_eq_lag1']",ppef_mujeres_25_40 + pct_indef_25_40 + pct_amb_fill_25_40 + RE_ponderado_lag3 + mat_eq_lag1,5,1.7955169777293998,2.2454158782912326,0.35046488785536223,5.49134702999467,5.915752483126629,-6.623891086328677,59.525347599599165,,,
statsmodels_ols,"['ppef_mujeres_25_40', 'pct_indef_25_40', 'pct_amb_fill_25_40', 'RE_ponderado_lag2', 'mat_eq_lag1']",ppef_mujeres_25_40 + pct_indef_25_40 + pct_amb_fill_25_40 + RE_ponderado_lag2 + mat_eq_lag1,5,1.804727491632249,2.2438160371993865,0.3513901354042964,5.5905279912428965,5.976891030467202,-6.782289274850931,60.300008840593065,452.96907445409005,468.5397935548976,0.3165186373077532
sklearn_linear_regression,"['ppef_mujeres_25_40', 'pct_indef_25_40', 'pct_amb_fill_25_40', 'RE_ponderado_lag2', 'mat_eq_lag1']",ppef_mujeres_25_40 + pct_indef_25_40 + pct_amb_fill_25_40 + RE_ponderado_lag2 + mat_eq_lag1,5,1.8047274916324936,2.2438160371993865,0.3513901354042964,5.590527991245163,5.976891030469317,-6.782289274856437,60.30000884060919,,,
statsmodels_ols,"['ppef_mujeres_25_40', 'pct_indef_25_40', 'pct_amb_fill_25_40', 'RE_ponderado_lag1']",ppef_mujeres_25_40 + pct_indef_25_40 + pct_amb_fill_25_40 + RE_ponderado_lag1,4,1.8227591434687263,2.2620157055785515,0.3408256706402577,5.646890818453084,6.039111866315743,-6.945163573767835,60.68570459464014,452.56858111201575,465.5441803626887,0.31277569917814096
sklearn_linear_regression,"['ppef_mujeres_25_40', 'pct_indef_25_40', 'pct_amb_fill_25_40', 'RE_ponderado_lag1']",ppef_mujeres_25_40 + pct_indef_25_40 + pct_amb_fill_25_40 + RE_ponderado_lag1,4,1.8227591434688453,2.2620157055785515,0.3408256706402577,5.646890818454504,6.039111866317068,-6.945163573771322,60.68570459465017,,,
sklearn_linear_regression,"['ppef_mujeres_25_40', 'pct_indef_25_40', 'pct_amb_fill_25_40']",ppef_mujeres_25_40 + pct_indef_25_40 + pct_amb_fill_25_40,3,1.8429091054984978,2.2777543280192933,0.33162097092865694,5.7529421147774755,6.1733218137955275,-7.302225561823251,61.36531779605845,,,
statsmodels_ols,"['ppef_mujeres_25_40', 'pct_indef_25_40', 'pct_amb_fill_25_40']",ppef_mujeres_25_40 + pct_indef_25_40 + pct_amb_fill_25_40,3,1.842909105498497,2.2777543280192933,0.33162097092865694,5.75294211477748,6.173321813795531,-7.30222556182326,61.36531779605846,451.94145229489254,462.3219316954309,0.3105142647474566
statsmodels_ols,"['ppef_mujeres_25_40', 'pct_indef_25_40', 'pct_amb_fill_25_40', 'RE_ponderado_lag1', 'mat_eq_lag1']",ppef_mujeres_25_40 + pct_indef_25_40 + pct_amb_fill_25_40 + RE_ponderado_lag1 + mat_eq_lag1,5,1.8191397033398478,2.2553808952909793,0.34468690163926385,5.766324009169046,6.120987233724324,-7.162057340042578,61.56227850801276,453.98696585985977,469.5576849606673,0.3094550146306221
sklearn_linear_regression,"['ppef_mujeres_25_40', 'pct_indef_25_40', 'pct_amb_fill_25_40', 'RE_ponderado_lag1', 'mat_eq_lag1']",ppef_mujeres_25_40 + pct_indef_25_40 + pct_amb_fill_25_40 + RE_ponderado_lag1 + mat_eq_lag1,5,1.8191397033399994,2.2553808952909793,0.34468690163926374,5.7663240091704955,6.120987233725688,-7.162057340046216,61.56227850802287,,,
sklearn_linear_regression,"['ppef_mujeres_25_40', 'pct_indef_25_40', 'pct_amb_fill_25_40', 'mat_eq_lag1']",ppef_mujeres_25_40 + pct_indef_25_40 + pct_amb_fill_25_40 + mat_eq_lag1,4,1.8355558077524707,2.274408313339466,0.33358322241327754,5.845367662047434,6.241805791572374,-7.48744939149042,62.02983954182842,,,
statsmodels_ols,"['ppef_mujeres_25_40', 'pct_indef_25_40', 'pct_amb_fill_25_40', 'mat_eq_lag1']",ppef_mujeres_25_40 + pct_indef_25_40 + pct_amb_fill_25_40 + mat_eq_lag1,4,1.8355558077524718,2.274408313339466,0.33358322241327754,5.845367662047441,6.241805791572381,-7.48744939149044,62.02983954182848,453.6503770068962,466.6259762575691,0.30522506166490637
statsmodels_ols,"['ppef_mujeres_25_40', 'pct_indef_25_40', 'pct_amb_fill_25_40', 'RE_ponderado_lag3', 'mes']",ppef_mujeres_25_40 + pct_indef_25_40 + pct_amb_fill_25_40 + RE_ponderado_lag3 + mes,5,1.7953583681561,2.2270344135148283,0.3610558323695918,6.004703380162564,6.401149518231673,-7.926323809808434,63.07576586823277,451.48265609527033,467.05337519607787,0.326703995400215
sklearn_linear_regression,"['ppef_mujeres_25_40', 'pct_indef_25_40', 'pct_amb_fill_25_40', 'RE_ponderado_lag3', 'mes']",ppef_mujeres_25_40 + pct_indef_25_40 + pct_amb_fill_25_40 + RE_ponderado_lag3 + mes,5,1.7953583681560998,2.227034413514829,0.3610558323695916,6.004703380162566,6.401149518231676,-7.9263238098084425,63.07576586823277,,,
sklearn_linear_regression,"['ppef_mujeres_25_40', 'pct_indef_25_40', 'pct_amb_fill_25_40', 'RE_ponderado_lag2', 'mes']",ppef_mujeres_25_40 + pct_indef_25_40 + pct_amb_fill_25_40 + RE_ponderado_lag2 + mes,5,1.804049206428914,2.2295096566718575,0.3596347307704252,6.061496046457461,6.435244250566471,-8.02166641406122,63.50632930842287,,,
statsmodels_ols,"['ppef_mujeres_25_40', 'pct_indef_25_40', 'pct_amb_fill_25_40', 'RE_ponderado_lag2', 'mes']",ppef_mujeres_25_40 + pct_indef_25_40 + pct_amb_fill_25_40 + RE_ponderado_lag2 + mes,5,1.804049206428915,2.2295096566718575,0.35963473077042496,6.061496046457471,6.435244250566481,-8.02166641406125,63.506329308422934,451.7026015003958,467.27332060120335,0.3252064904892653
sklearn_linear_regression,"['ppef_mujeres_25_40', 'pct_indef_25_40', 'pct_amb_fill_25_40', 'RE_ponderado_lag1', 'mes']",ppef_mujeres_25_40 + pct_indef_25_40 + pct_amb_fill_25_40 + RE_ponderado_lag1 + mes,5,1.8016130902525351,2.2365147348635763,0.3556043773400467,6.238454017494391,6.593512807168015,-8.470881488630639,64.68904425153191,,,
statsmodels_ols,"['ppef_mujeres_25_40', 'pct_indef_25_40', 'pct_amb_fill_25_40', 'RE_ponderado_lag1', 'mes']",ppef_mujeres_25_40 + pct_indef_25_40 + pct_amb_fill_25_40 + RE_ponderado_lag1 + mes,5,1.8016130902525342,2.2365147348635768,0.3556043773400466,6.238454017494418,6.59351280716804,-8.470881488630708,64.6890442515321,452.3237385555641,467.8944576563716,0.3209594513905868
sklearn_linear_regression,"['ppef_mujeres_25_40', 'pct_indef_25_40', 'pct_amb_fill_25_40', 'mes']",ppef_mujeres_25_40 + pct_indef_25_40 + pct_amb_fill_25_40 + mes,4,1.8071835167353343,2.2434372390622577,0.35160911188511124,6.3815998131212375,6.751826115664318,-8.931142011859809,65.57712484907921,,,
statsmodels_ols,"['ppef_mujeres_25_40', 'pct_indef_25_40', 'pct_amb_fill_25_40', 'mes']",ppef_mujeres_25_40 + pct_indef_25_40 + pct_amb_fill_25_40 + mes,4,1.8071835167353612,2.2434372390622577,0.35160911188511124,6.381599813121496,6.751826115664561,-8.931142011860526,65.5771248490809,450.9356455269883,463.91124477766124,0.3240180102632009
sklearn_linear_regression,"['ppef_mujeres_25_40', 'pct_indef_25_40', 'pct_amb_fill_25_40', 'mat_eq_lag1', 'mes']",ppef_mujeres_25_40 + pct_indef_25_40 + pct_amb_fill_25_40 + mat_eq_lag1 + mes,5,1.8044056172670722,2.2377040646998743,0.3549188439915798,6.525749042790721,6.8743625698412645,-9.294886483570236,66.51417262485653,,,
statsmodels_ols,"['ppef_mujeres_25_40', 'pct_indef_25_40', 'pct_amb_fill_25_40', 'mat_eq_lag1', 'mes']",ppef_mujeres_25_40 + pct_indef_25_40 + pct_amb_fill_25_40 + mat_eq_lag1 + mes,5,1.8044056172671021,2.2377040646998743,0.3549188439915799,6.525749042790967,6.874362569841497,-9.294886483570933,66.51417262485812,452.42900265805116,467.9997217588587,0.32023706141048214
